{"graph": {"_type": "graph-file", "sha256": "dc8b40d93402e859b859767cde6e395882473696709ba17d88d6fcec9c3b7ad0", "size": 4326, "path": "media/graph/graph_summary_dc8b40d93402e859b859.graph.json"}, "epoch": 1, "_timestamp": 1725982326.7737322, "loss": -0.14081910252571106, "Jaccard": 0.10004965960979462, "Sensitivity": 0.6026106476783752, "Specificity": 0.47685855627059937, "DiceCoefficientMetric": -0.15761275589466095, "val_loss": -0.47272345423698425, "val_Jaccard": 0.3145592510700226, "val_Sensitivity": 0.7805659770965576, "val_Specificity": 0.45703527331352234, "val_DiceCoefficientMetric": -0.47272345423698425, "_runtime": 53.17791128158569, "_step": 1, "best_val_loss": -0.47272345423698425, "best_epoch": 1}