{"graph": {"_type": "graph-file", "sha256": "86769161dc2357ffe2d43373eb6c087e322f79fe53ee84cad5ef6df456b4eb53", "size": 4620, "path": "media/graph/graph_summary_86769161dc2357ffe2d4.graph.json"}, "epoch": 99, "_timestamp": 1729005246.1094716, "loss": -0.9902441501617432, "Jaccard": 0.9806874394416809, "Sensitivity": 0.9931796193122864, "Specificity": 0.9971711039543152, "DiceCoefficientMetric": -0.9902441501617432, "val_loss": -0.6666660308837891, "val_Jaccard": 0.5133723616600037, "val_Sensitivity": 0.5907177329063416, "val_Specificity": 0.9459222555160522, "val_DiceCoefficientMetric": -0.6666660308837891, "_runtime": 181.18046164512634, "_step": 100, "best_val_loss": -0.6848053336143494, "best_epoch": 56, "metrics": {"_type": "table-file", "sha256": "632cdd46311e385addfbf2a81aa0ea3e4048a89305aedc58b0cf887bf6c38c89", "size": 318, "artifact_path": "wandb-client-artifact://mzumbway0fkd4za9swcc6ohrvciey8jfy2zk98mcg0ytdo1111fxpk9nphn1te54qtx813zo9l6hgw4pon38x2jl25x9um4poi1cd1xd21nd5v4baq54e448d39c86sv:latest/metrics.table.json", "_latest_artifact_path": "wandb-client-artifact://mzumbway0fkd4za9swcc6ohrvciey8jfy2zk98mcg0ytdo1111fxpk9nphn1te54qtx813zo9l6hgw4pon38x2jl25x9um4poi1cd1xd21nd5v4baq54e448d39c86sv:latest/metrics.table.json", "path": "media/table/metrics_100_632cdd46311e385addfb.table.json", "ncols": 4, "nrows": 4}, "_wandb": {"runtime": 180}}