{"graph": {"_type": "graph-file", "sha256": "f7f2294024c62ff67606632a151a87b2516d49ffb8c67e852abf38b292b614cb", "size": 4614, "path": "media/graph/graph_summary_f7f2294024c62ff67606.graph.json"}, "epoch": 99, "_timestamp": 1729006426.6528368, "loss": -0.9903754591941833, "Jaccard": 0.9809447526931763, "Sensitivity": 0.9931625127792358, "Specificity": 0.9972676634788513, "DiceCoefficientMetric": -0.9903754591941833, "val_loss": -0.7386616468429565, "val_Jaccard": 0.5888881087303162, "val_Sensitivity": 0.6776365637779236, "val_Specificity": 0.9438174366950989, "val_DiceCoefficientMetric": -0.7386616468429565, "_runtime": 247.98304271697998, "_step": 100, "best_val_loss": -0.745049774646759, "best_epoch": 95, "metrics": {"_type": "table-file", "sha256": "dc7cdd688a68d3949ac04a86d3beaba40ce66856c3e93b39f3681105d5b8bb11", "size": 316, "artifact_path": "wandb-client-artifact://564faqf9ndsqdujtlbxwxxyv6si1mh07nlyh5lzdcs46jirf9iiqd7rptfdlew64k05el38ewhmlf8mzs13nk8yroxj56o5ys9bxhdru4xkbhepynt6hyr88h8t8kr5u:latest/metrics.table.json", "_latest_artifact_path": "wandb-client-artifact://564faqf9ndsqdujtlbxwxxyv6si1mh07nlyh5lzdcs46jirf9iiqd7rptfdlew64k05el38ewhmlf8mzs13nk8yroxj56o5ys9bxhdru4xkbhepynt6hyr88h8t8kr5u:latest/metrics.table.json", "path": "media/table/metrics_100_dc7cdd688a68d3949ac0.table.json", "ncols": 4, "nrows": 4}, "_wandb": {"runtime": 247}}