{"graph": {"_type": "graph-file", "sha256": "dc8b40d93402e859b859767cde6e395882473696709ba17d88d6fcec9c3b7ad0", "size": 4326, "path": "media/graph/graph_summary_dc8b40d93402e859b859.graph.json"}, "epoch": 99, "_timestamp": 1729004288.3270652, "loss": -0.9890328645706177, "Jaccard": 0.9783151149749756, "Sensitivity": 0.9931647181510925, "Specificity": 0.99725741147995, "DiceCoefficientMetric": -0.9890328645706177, "val_loss": -0.7117896676063538, "val_Jaccard": 0.5578826665878296, "val_Sensitivity": 0.6585150957107544, "val_Specificity": 0.9364681839942932, "val_DiceCoefficientMetric": -0.7117896676063538, "_runtime": 180.38978624343872, "_step": 100, "best_val_loss": -0.7501197457313538, "best_epoch": 94, "metrics": {"_type": "table-file", "sha256": "888a4b8c37d9b21eddaa0049f2f880026d99846e8550719d237a66d1018793c7", "size": 318, "artifact_path": "wandb-client-artifact://mzebxzjdj4lmzpd6kgayw8cjtbjqv6pkzo5nff6m6ob5pvg8mgb99nwe7z8ttfxsvsbhkgch3h2epyqvdxdbsc6c2cwrq9nne9pvycrxfn3bmkxlb3n5sbk7afqni5b1:latest/metrics.table.json", "_latest_artifact_path": "wandb-client-artifact://mzebxzjdj4lmzpd6kgayw8cjtbjqv6pkzo5nff6m6ob5pvg8mgb99nwe7z8ttfxsvsbhkgch3h2epyqvdxdbsc6c2cwrq9nne9pvycrxfn3bmkxlb3n5sbk7afqni5b1:latest/metrics.table.json", "path": "media/table/metrics_100_888a4b8c37d9b21eddaa.table.json", "ncols": 4, "nrows": 4}, "_wandb": {"runtime": 179}}