{"graph": {"_type": "graph-file", "sha256": "de8b2268ba7c2d707ca81dd50e631b6cc6332fe67df52d8e32f3c47d425597e2", "size": 8415, "path": "media/graph/graph_summary_de8b2268ba7c2d707ca8.graph.json"}, "epoch": 99, "_timestamp": 1729006167.4009063, "loss": -0.9953423142433167, "Jaccard": 0.9907305836677551, "Sensitivity": 0.9990798234939575, "Specificity": 0.9996616244316101, "DiceCoefficientMetric": -0.9953423142433167, "val_loss": -0.6353489756584167, "val_Jaccard": 0.4717850685119629, "val_Sensitivity": 0.5168790221214294, "val_Specificity": 0.9700893759727478, "val_DiceCoefficientMetric": -0.6353489756584167, "_runtime": 316.90701627731323, "_step": 100, "best_val_loss": -0.6508988738059998, "best_epoch": 57, "metrics": {"_type": "table-file", "sha256": "a861add247a37d90dd4eca6490e9a935b4f98930c864fd0dea0bd2d49d6ffe63", "size": 319, "artifact_path": "wandb-client-artifact://flcfkwzjky018pwhrisquiub025n2g8g3imyhifpxr2bagx6ldpvnide2y0a90667bwxfq8yo0yy4887jrulekrjkx8vjqat8x4xx5lodvc8rg2y73ef9v9sa8irtb63:latest/metrics.table.json", "_latest_artifact_path": "wandb-client-artifact://flcfkwzjky018pwhrisquiub025n2g8g3imyhifpxr2bagx6ldpvnide2y0a90667bwxfq8yo0yy4887jrulekrjkx8vjqat8x4xx5lodvc8rg2y73ef9v9sa8irtb63:latest/metrics.table.json", "path": "media/table/metrics_100_a861add247a37d90dd4e.table.json", "ncols": 4, "nrows": 4}, "_wandb": {"runtime": 315}}