{"graph": {"_type": "graph-file", "sha256": "44e9abbd920009572113c67fbe3c89dbac1a2fbdaa20b30c28ce6d011fd8dcdb", "size": 8378, "path": "media/graph/graph_summary_44e9abbd920009572113.graph.json"}, "epoch": 99, "_timestamp": 1729007351.554439, "loss": -0.9950994849205017, "Jaccard": 0.9902496337890625, "Sensitivity": 0.998748779296875, "Specificity": 0.9994758367538452, "DiceCoefficientMetric": -0.9950994849205017, "val_loss": -0.5396133661270142, "val_Jaccard": 0.3708527386188507, "val_Sensitivity": 0.40734896063804626, "val_Specificity": 0.9610909223556519, "val_DiceCoefficientMetric": -0.5396133661270142, "_runtime": 202.6362030506134, "_step": 100, "best_val_loss": -0.5922836065292358, "best_epoch": 57, "metrics": {"_type": "table-file", "sha256": "6bead0d1e424cbab429c212349177e55481234ce1f62ca9ea8b74a50e34bf62a", "size": 317, "artifact_path": "wandb-client-artifact://zgug09onku77wybvnwbyycjlbkh66io6i5konjh3oemn5ujg9lsi8bq8uhevliwvagu1xzct6vsrfizo72qovf7x35fdgjm35o1m7g1zlyplwqso3zvtob0zok04zqhp:latest/metrics.table.json", "_latest_artifact_path": "wandb-client-artifact://zgug09onku77wybvnwbyycjlbkh66io6i5konjh3oemn5ujg9lsi8bq8uhevliwvagu1xzct6vsrfizo72qovf7x35fdgjm35o1m7g1zlyplwqso3zvtob0zok04zqhp:latest/metrics.table.json", "path": "media/table/metrics_100_6bead0d1e424cbab429c.table.json", "ncols": 4, "nrows": 4}, "_wandb": {"runtime": 201}}