{"graph": {"_type": "graph-file", "sha256": "3746d5c8605ce9f94a1783eb055b1b404c1dc3e167faa621e634b55408e229af", "size": 7717, "path": "media/graph/graph_summary_3746d5c8605ce9f94a17.graph.json"}, "epoch": 99, "_timestamp": 1729005053.5014484, "loss": -0.9947878122329712, "Jaccard": 0.9896327257156372, "Sensitivity": 0.9981968998908997, "Specificity": 0.9993458986282349, "DiceCoefficientMetric": -0.9947878122329712, "val_loss": -0.6255559325218201, "val_Jaccard": 0.45890942215919495, "val_Sensitivity": 0.4928484261035919, "val_Specificity": 0.9642791748046875, "val_DiceCoefficientMetric": -0.6255559325218201, "_runtime": 249.13381433486938, "_step": 100, "best_val_loss": -0.6423119306564331, "best_epoch": 95, "metrics": {"_type": "table-file", "sha256": "3c8478cbc1d800342f9b62510cf0d9ede657246a4372cce6ab525047a75ff4d9", "size": 317, "artifact_path": "wandb-client-artifact://bogb5rsevafu17k7px7n3sz4zluriayxoz2fla04fzbo9u0csyl0ag5s57oju9xvs91ln4lsbh5kpmk4dnluxta8160lyn5mta5w1mxerggl4zhyyleqsyj5q7bidxcg:latest/metrics.table.json", "_latest_artifact_path": "wandb-client-artifact://bogb5rsevafu17k7px7n3sz4zluriayxoz2fla04fzbo9u0csyl0ag5s57oju9xvs91ln4lsbh5kpmk4dnluxta8160lyn5mta5w1mxerggl4zhyyleqsyj5q7bidxcg:latest/metrics.table.json", "path": "media/table/metrics_100_3c8478cbc1d800342f9b.table.json", "ncols": 4, "nrows": 4}, "_wandb": {"runtime": 248}}