{"graph": {"_type": "graph-file", "sha256": "568a2dfbed7b71a01026afbe75d881754a09af95e66bf8eee2b7019ac00a7649", "size": 31070, "path": "media/graph/graph_summary_568a2dfbed7b71a01026.graph.json"}, "epoch": 99, "_timestamp": 1729007134.8014634, "loss": -0.9943168759346008, "Jaccard": 0.9887012243270874, "Sensitivity": 0.9977353811264038, "Specificity": 0.9991108179092407, "DiceCoefficientMetric": -0.9943168759346008, "val_loss": -0.6684022545814514, "val_Jaccard": 0.5031866431236267, "val_Sensitivity": 0.5441262125968933, "val_Specificity": 0.9583166837692261, "val_DiceCoefficientMetric": -0.6684022545814514, "_runtime": 696.6794502735138, "_step": 100, "best_val_loss": -0.7102546691894531, "best_epoch": 96, "metrics": {"_type": "table-file", "sha256": "4fee505f97e47b1be270a6781a151d77a4aa7e82e083f459d2d042302f7bc45e", "size": 315, "artifact_path": "wandb-client-artifact://4zhk1s3z60yk4lkfb3ls3k45ovaqgqg389mtcfz8o9z0ogw4hm3ow9tyto73yz6tbna00m90mdop3xvbw376wapztdh2qidam6tt15miuo45b9577mhm8mzni7y80u28:latest/metrics.table.json", "_latest_artifact_path": "wandb-client-artifact://4zhk1s3z60yk4lkfb3ls3k45ovaqgqg389mtcfz8o9z0ogw4hm3ow9tyto73yz6tbna00m90mdop3xvbw376wapztdh2qidam6tt15miuo45b9577mhm8mzni7y80u28:latest/metrics.table.json", "path": "media/table/metrics_100_4fee505f97e47b1be270.table.json", "ncols": 4, "nrows": 4}, "_wandb": {"runtime": 696}}