{"graph": {"_type": "graph-file", "sha256": "cf89f665932c845918f221a258d9ce34a126fd5c5cda2d19a71be42179e02d16", "size": 31080, "path": "media/graph/graph_summary_cf89f665932c845918f2.graph.json"}, "epoch": 99, "_timestamp": 1729005838.6949005, "loss": -0.9952659606933594, "Jaccard": 0.9905789494514465, "Sensitivity": 0.9990447759628296, "Specificity": 0.9994792342185974, "DiceCoefficientMetric": -0.9952659606933594, "val_loss": -0.7787805199623108, "val_Jaccard": 0.6404533386230469, "val_Sensitivity": 0.7121210098266602, "val_Specificity": 0.9544991254806519, "val_DiceCoefficientMetric": -0.7787805199623108, "_runtime": 573.372460603714, "_step": 100, "best_val_loss": -0.7809113264083862, "best_epoch": 83, "metrics": {"_type": "table-file", "sha256": "4d12b70a1b76060a9ca8512a8e7cea11fb872df27d42602f6ac7d0cec0685887", "size": 315, "artifact_path": "wandb-client-artifact://zfxu29is21wharl0f6udqhkcbagphcp9tcfc8xnnz7uhqorvze6n7kem65h0uzddsuu4z13oyf8mcyjbc9lwxpvauetpp1a8vabrt7agoj62pfvpo13k2iuocczyh4x3:latest/metrics.table.json", "_latest_artifact_path": "wandb-client-artifact://zfxu29is21wharl0f6udqhkcbagphcp9tcfc8xnnz7uhqorvze6n7kem65h0uzddsuu4z13oyf8mcyjbc9lwxpvauetpp1a8vabrt7agoj62pfvpo13k2iuocczyh4x3:latest/metrics.table.json", "path": "media/table/metrics_100_4d12b70a1b76060a9ca8.table.json", "ncols": 4, "nrows": 4}, "_wandb": {"runtime": 572}}