{"graph": {"_type": "graph-file", "sha256": "2c001b0e5b8a27a60df457a6c86ebbfbc356932e55cd63f195f2dd604d86c68a", "size": 30489, "path": "media/graph/graph_summary_2c001b0e5b8a27a60df4.graph.json"}, "epoch": 99, "_timestamp": 1729004789.1095011, "loss": -0.9935867786407471, "Jaccard": 0.9872592687606812, "Sensitivity": 0.9969910979270935, "Specificity": 0.9989227652549744, "DiceCoefficientMetric": -0.9935867786407471, "val_loss": -0.6956415176391602, "val_Jaccard": 0.5344647169113159, "val_Sensitivity": 0.5816031694412231, "val_Specificity": 0.9646819233894348, "val_DiceCoefficientMetric": -0.6956415176391602, "_runtime": 490.40480303764343, "_step": 100, "best_val_loss": -0.7690820097923279, "best_epoch": 79, "metrics": {"_type": "table-file", "sha256": "393ceb66d8d7463cffd10b0154a1b094eb7bc6eaa81b5057926190e86afe83ee", "size": 316, "artifact_path": "wandb-client-artifact://o73v1zw5ijifukn7fpp1cyfohsa4bm12s1b4cc9fscno02w2xsjl1n0knn8d7zlrhlexad4nyzaohnxf8olfev6rdqe362rpb22rmfgt5f549tk99mxq6043zl3qwzle:latest/metrics.table.json", "_latest_artifact_path": "wandb-client-artifact://o73v1zw5ijifukn7fpp1cyfohsa4bm12s1b4cc9fscno02w2xsjl1n0knn8d7zlrhlexad4nyzaohnxf8olfev6rdqe362rpb22rmfgt5f549tk99mxq6043zl3qwzle:latest/metrics.table.json", "path": "media/table/metrics_100_393ceb66d8d7463cffd1.table.json", "ncols": 4, "nrows": 4}, "_wandb": {"runtime": 489}}