{"graph": {"_type": "graph-file", "sha256": "dc8b40d93402e859b859767cde6e395882473696709ba17d88d6fcec9c3b7ad0", "size": 4326, "path": "media/graph/graph_summary_dc8b40d93402e859b859.graph.json"}, "epoch": 99, "_timestamp": 1727796272.2807364, "loss": -0.5432253479957581, "Jaccard": 0.42317458987236023, "Sensitivity": 0.4507683515548706, "Specificity": 0.9971493482589722, "DiceCoefficientMetric": -0.5149990320205688, "val_loss": -0.021503685042262077, "val_Jaccard": 0.011365697719156742, "val_Sensitivity": 0.011180113069713116, "val_Specificity": 0.9989437460899353, "val_DiceCoefficientMetric": -0.021503685042262077, "_runtime": 431.99454855918884, "_step": 100, "best_val_loss": -0.6474086046218872, "best_epoch": 7, "metrics": {"_type": "table-file", "sha256": "e0a71c599e0965f2c860540db44680eeb02c647c405fb83219275eab23ae0edf", "size": 324, "artifact_path": "wandb-client-artifact://dh95rez76eveanhjqxsq3lrqg28r3zfho9asywz8zaxt8ydm9p9s7q3vr3mw26ou33ztwj4ykykfqn0umxlkat595o55ya5cz8i7dq2f9ikkjq2l3nwd4gdzsuqrz33n:latest/metrics.table.json", "_latest_artifact_path": "wandb-client-artifact://dh95rez76eveanhjqxsq3lrqg28r3zfho9asywz8zaxt8ydm9p9s7q3vr3mw26ou33ztwj4ykykfqn0umxlkat595o55ya5cz8i7dq2f9ikkjq2l3nwd4gdzsuqrz33n:latest/metrics.table.json", "path": "media/table/metrics_100_e0a71c599e0965f2c860.table.json", "ncols": 4, "nrows": 4}, "_wandb": {"runtime": 431}}