{"graph": {"_type": "graph-file", "sha256": "dc8b40d93402e859b859767cde6e395882473696709ba17d88d6fcec9c3b7ad0", "size": 4326, "path": "media/graph/graph_summary_dc8b40d93402e859b859.graph.json"}, "epoch": 4, "_timestamp": 1727193001.059248, "loss": -0.18977200984954834, "Jaccard": 0.15258584916591644, "Sensitivity": 0.5208699703216553, "Specificity": 0.6600210070610046, "DiceCoefficientMetric": -0.21449169516563416, "val_loss": -0.5910452604293823, "val_Jaccard": 0.4259888529777527, "val_Sensitivity": 0.732731282711029, "val_Specificity": 0.739183783531189, "val_DiceCoefficientMetric": -0.5910452604293823, "_runtime": 184.35513496398926, "_step": 4, "best_val_loss": -0.5910452604293823, "best_epoch": 4}